Sentiment,count
Support,52.35531628532974
Neutral,26.917900403768506
Oppose,20.72678331090175
