Sentiment,count
Support,59.70932579733549
Neutral,21.477593863544612
Oppose,18.813080339119903
