Sentiment,count
Support,58.6996336996337
Neutral,22.115384615384613
Oppose,19.184981684981686
