Sentiment,count
Support,69.84944532488115
Oppose,19.611727416798733
Neutral,10.538827258320127
