Sentiment,count
Support,69.60447119518487
Oppose,19.99140154772141
Neutral,10.404127257093723
