Sentiment,count
Support,52.106430155210646
Neutral,27.19881744271988
Oppose,20.694752402069476
